{
    "[5.0, 7.0, 11.0]": null,
    "[-3.0, 7.0, 8.0]": [
        -0.8402657631320493,
        3.1735990964653826
    ],
    "[-7.0, 1.0, 0.0]": [
        -0.0,
        0.14285714285714285
    ],
    "[-1.0, 8.0, 4.0]": [
        -0.4721359549995796,
        8.47213595499958
    ],
    "[2.0, -4.0, 10.0]": null,
    "[1.0, 4.0, -3.0]": [
        0.6457513110645907,
        -4.645751311064591
    ],
    "[4.0, -5.0, -5.0]": [
        1.9058688457449497,
        -0.6558688457449497
    ],
    "[-5.0, 11.0, -7.0]": null,
    "[5.0, -6.0, 2.0]": null,
    "[8.0, 7.0, 7.0]": null,
    "[5.0, 3.0, 8.0]": null,
    "[-10.0, 11.0, 8.0]": [
        -0.5,
        1.6
    ],
    "[-1.0, -1.0, 0.0]": [
        -1.0,
        -0.0
    ],
    "[5.0, 2.0, -3.0]": [
        0.6,
        -1.0
    ],
    "[2.0, 6.0, 11.0]": null,
    "[-5.0, 10.0, 9.0]": [
        -0.6733200530681511,
        2.673320053068151
    ],
    "[-1.0, -7.0, 0.0]": [
        -7.0,
        -0.0
    ],
    "[-8.0, 3.0, 0.0]": [
        -0.0,
        0.375
    ],
    "[-5.0, -2.0, -1.0]": null,
    "[1.0, -6.0, 4.0]": [
        5.23606797749979,
        0.7639320225002102
    ],
    "[-9.0, 10.0, 9.0]": [
        -0.5884033489985556,
        1.6995144601096668
    ],
    "[9.0, 3.0, 7.0]": null,
    "[5.0, 1.0, 3.0]": null,
    "[7.0, 7.0, 7.0]": null,
    "[-8.0, 10.0, 10.0]": [
        -0.6558688457449497,
        1.9058688457449497
    ],
    "[-8.0, -5.0, -8.0]": null,
    "[7.0, 10.0, -10.0]": [
        0.6781134778298519,
        -2.1066849064012803
    ],
    "[-10.0, -2.0, 6.0]": [
        -0.8810249675906654,
        0.6810249675906654
    ],
    "[-10.0, -10.0, 11.0]": [
        -1.661895003862225,
        0.661895003862225
    ],
    "[-9.0, 9.0, -6.0]": null,
    "[0.0, 0.0, 8.0]": null,
    "[-5.0, 6.0, 6.0]": [
        -0.6489995996796797,
        1.8489995996796798
    ],
    "[3.0, -6.0, 10.0]": null,
    "[-9.0, -1.0, -6.0]": null,
    "[10.0, -4.0, 5.0]": null,
    "[2.0, -10.0, -10.0]": [
        5.854101966249685,
        -0.8541019662496847
    ],
    "[-6.0, 5.0, 11.0]": [
        -1.0,
        1.8333333333333333
    ],
    "[2.0, -7.0, -9.0]": [
        4.5,
        -1.0
    ],
    "[1.0, 7.0, 9.0]": [
        -1.6972243622680054,
        -5.302775637731995
    ],
    "[2.0, 0.0, 3.0]": null,
    "[-3.0, -10.0, -5.0]": [
        -2.720759220056127,
        -0.6125741132772068
    ],
    "[-1.0, 3.0, 2.0]": [
        -0.5615528128088303,
        3.5615528128088303
    ],
    "[-5.0, -3.0, 5.0]": [
        -1.3440306508910551,
        0.744030650891055
    ],
    "[3.0, -3.0, 1.0]": null,
    "[-5.0, 6.0, -4.0]": null,
    "[2.0, -7.0, -10.0]": [
        4.589454172900137,
        -1.0894541729001368
    ],
    "[-5.0, 0.0, 4.0]": [
        -0.894427190999916,
        0.894427190999916
    ],
    "[-7.0, 5.0, -8.0]": null,
    "[3.0, -5.0, 8.0]": null,
    "[-1.0, 0.0, 10.0]": [
        -3.1622776601683795,
        3.1622776601683795
    ],
    "[0.0, -5.0, 6.0]": 1.2,
    "[8.0, 3.0, 5.0]": null,
    "[5.0, 6.0, -9.0]": [
        0.8696938456699069,
        -2.069693845669907
    ],
    "[5.0, -10.0, 5.0]": 10.0,
    "[-8.0, -4.0, 6.0]": [
        -1.1513878188659974,
        0.6513878188659973
    ],
    "[10.0, 9.0, -5.0]": [
        0.38815273071201056,
        -1.2881527307120106
    ],
    "[6.0, -1.0, 2.0]": null,
    "[-6.0, -7.0, 11.0]": [
        -2.057650501079511,
        0.8909838344128443
    ],
    "[7.0, 0.0, 1.0]": null,
    "[6.0, 0.0, -10.0]": [
        1.2909944487358056,
        -1.2909944487358056
    ],
    "[9.0, 7.0, 3.0]": null,
    "[6.0, -2.0, -3.0]": [
        0.8931498239234457,
        -0.5598164905901123
    ],
    "[-4.0, -6.0, 2.0]": [
        -1.7807764064044151,
        0.28077640640441515
    ],
    "[-9.0, 8.0, -8.0]": null,
    "[6.0, -2.0, 10.0]": null,
    "[-4.0, -6.0, 7.0]": [
        -2.2706906325745546,
        0.7706906325745548
    ],
    "[-10.0, 7.0, -5.0]": null,
    "[-6.0, 7.0, 0.0]": [
        -0.0,
        1.1666666666666667
    ],
    "[-10.0, -8.0, -5.0]": null,
    "[0.0, -7.0, -7.0]": -1.0,
    "[-10.0, -6.0, -5.0]": null,
    "[-7.0, 10.0, 10.0]": [
        -0.6781134778298519,
        2.1066849064012803
    ],
    "[5.0, -1.0, -3.0]": [
        0.8810249675906654,
        -0.6810249675906654
    ],
    "[-2.0, -1.0, 3.0]": [
        -1.5,
        1.0
    ],
    "[-2.0, -8.0, 4.0]": [
        -4.449489742783178,
        0.4494897427831779
    ],
    "[5.0, -4.0, -5.0]": [
        1.4770329614269007,
        -0.6770329614269007
    ],
    "[-4.0, -1.0, 0.0]": [
        -0.25,
        -0.0
    ],
    "[-8.0, 1.0, -10.0]": null,
    "[-5.0, 8.0, 4.0]": [
        -0.4,
        2.0
    ],
    "[-8.0, 4.0, -3.0]": null,
    "[-10.0, -1.0, -10.0]": null,
    "[0.0, -4.0, -5.0]": -1.25,
    "[5.0, -6.0, 7.0]": null,
    "[4.0, -1.0, 1.0]": null,
    "[8.0, -4.0, 2.0]": null,
    "[7.0, -7.0, 9.0]": null,
    "[1.0, 5.0, 7.0]": null,
    "[-9.0, 2.0, 6.0]": [
        -0.7129109430106292,
        0.9351331652328514
    ],
    "[9.0, 5.0, -4.0]": [
        0.4444444444444444,
        -1.0
    ],
    "[-6.0, -10.0, -4.0]": [
        -1.0,
        -0.6666666666666666
    ],
    "[-5.0, 6.0, -5.0]": null,
    "[-9.0, 11.0, 8.0]": [
        -0.5124304675642603,
        1.7346526897864825
    ],
    "[6.0, 3.0, 8.0]": null,
    "[-1.0, -3.0, 8.0]": [
        -4.701562118716424,
        1.7015621187164243
    ],
    "[5.0, 4.0, 4.0]": null,
    "[-2.0, -1.0, -8.0]": null,
    "[1.0, -3.0, 4.0]": null,
    "[-4.0, -7.0, -7.0]": null,
    "[4.0, 7.0, 9.0]": null,
    "[-6.0, -4.0, -5.0]": null,
    "[4.0, 8.0, 4.0]": -8.0,
    "[-9.0, -4.0, 11.0]": [
        -1.3498768405658021,
        0.9054323961213577
    ],
    "[-5.0, -4.0, -1.0]": null,
    "[4.0, 2.0, 5.0]": null,
    "[5.0, 4.0, 10.0]": null,
    "[7.0, 6.0, -1.0]": [
        0.14285714285714285,
        -1.0
    ],
    "[4.0, -6.0, 9.0]": null,
    "[-1.0, -10.0, -9.0]": [
        -9.0,
        -1.0
    ],
    "[10.0, -10.0, 1.0]": [
        0.8872983346207416,
        0.1127016653792583
    ],
    "[-8.0, 2.0, -9.0]": null,
    "[-8.0, -9.0, -2.0]": [
        -0.8201941016011038,
        -0.3048058983988962
    ],
    "[-10.0, 4.0, -10.0]": null,
    "[-2.0, -6.0, -9.0]": null,
    "[-7.0, -10.0, -10.0]": null,
    "[10.0, 1.0, 5.0]": null,
    "[-4.0, -8.0, -5.0]": null,
    "[-5.0, 5.0, -5.0]": null,
    "[4.0, -2.0, 8.0]": null,
    "[-3.0, -7.0, 9.0]": [
        -3.2549940143569445,
        0.9216606810236113
    ],
    "[-2.0, 2.0, 6.0]": [
        -1.3027756377319946,
        2.302775637731995
    ],
    "[-8.0, -4.0, 7.0]": [
        -1.2182458365518543,
        0.7182458365518543
    ],
    "[9.0, -2.0, -1.0]": [
        0.4624752955742644,
        -0.24025307335204216
    ],
    "[-7.0, -9.0, 11.0]": [
        -2.051648780236859,
        0.7659344945225729
    ],
    "[-6.0, 9.0, 0.0]": [
        -0.0,
        1.5
    ],
    "[-6.0, -2.0, -8.0]": null,
    "[3.0, -6.0, -10.0]": [
        3.0816659994661326,
        -1.0816659994661328
    ],
    "[8.0, 5.0, 11.0]": null,
    "[0.0, -3.0, 1.0]": 0.3333333333333333,
    "[6.0, 8.0, 4.0]": null,
    "[9.0, 11.0, 4.0]": null,
    "[6.0, 0.0, -5.0]": [
        0.9128709291752769,
        -0.9128709291752769
    ],
    "[11.0, 6.0, -9.0]": [
        0.6720277132193876,
        -1.2174822586739331
    ],
    "[-10.0, 0.0, -1.0]": null,
    "[-5.0, -10.0, 11.0]": [
        -2.788854381999832,
        0.7888543819998318
    ],
    "[3.0, 11.0, 5.0]": [
        -0.5316250540155577,
        -3.135041612651109
    ],
    "[3.0, 8.0, 3.0]": [
        -0.45141622964513645,
        -2.2152504370215302
    ],
    "[11.0, -8.0, 2.0]": null,
    "[2.0, 7.0, -1.0]": [
        0.13745860881768746,
        -3.6374586088176875
    ],
    "[-2.0, 9.0, 6.0]": [
        -0.5894541729001368,
        5.089454172900137
    ],
    "[0.0, -7.0, -1.0]": -0.14285714285714285,